{
    "use_onliner": true,
    "onliner_paths" : ["data/output/success.txt"],
    "choose_random_online_status_from": ["online", "dnd", "idle"],
    "choose_random_activity_type_from": ["game", "streaming", "listening", "watching"],
    "game": {
        "choose_random_game_from": ["MystBoosts"]
    },
    "streaming": {
        "choose_random_name_from": ["MystBoosts"],
        "choose_random_url_from": ["MystBoosts"]

    },
    "listening": {
        "choose_random_name_from": ["MystBoosts"]
    },
    "watching": {
        "choose_random_name_from": ["MystBoosts"]
    }
    
}